method_A,method_B,metric,family,mean_A,mean_B,paired_difference,ci95,raw_p,n,N_latent,N_NL,N_structural_NA,evaluation_support,evaluation_n,common_support_n,construction_reason,structural_NA_imputed,holm_p,reject_alpha_005
BGEM3Dense,BM25,ndcg_at_10,AUTO_NDCG10,0.1812548488285934,0.05004257528488708,0.13121227354370632,"[0.10566814163012662, 0.15708507090314727]",4.999750012499375e-05,475,500,475,25,NL_REALIZED_COMMON_SUPPORT,475,475,QUERY_REALIZATION_STRATUM_EXHAUSTED,False,0.0005499725013749313,True
ColBERTv2,BM25,ndcg_at_10,AUTO_NDCG10,0.3018167722361005,0.05004257528488708,0.2517741969512134,"[0.220047570268664, 0.2840582298474206]",4.999750012499375e-05,475,500,475,25,NL_REALIZED_COMMON_SUPPORT,475,475,QUERY_REALIZATION_STRATUM_EXHAUSTED,False,0.0005499725013749313,True
GTEMultilingual,BM25,ndcg_at_10,AUTO_NDCG10,0.11892979999388761,0.05004257528488708,0.06888722470900055,"[0.04653287569661993, 0.09120972597967066]",4.999750012499375e-05,475,500,475,25,NL_REALIZED_COMMON_SUPPORT,475,475,QUERY_REALIZATION_STRATUM_EXHAUSTED,False,0.0005499725013749313,True
MetadataCompleteness,BM25,ndcg_at_10,AUTO_NDCG10,0.007724222140228728,0.05004257528488708,-0.04231835314465835,"[-0.05675337986639892, -0.029085701487604112]",4.999750012499375e-05,475,500,475,25,NL_REALIZED_COMMON_SUPPORT,475,475,QUERY_REALIZATION_STRATUM_EXHAUSTED,False,0.0005499725013749313,True
MultilingualE5,BM25,ndcg_at_10,AUTO_NDCG10,0.22235164388436876,0.05004257528488708,0.1723090685994817,"[0.1441914431092994, 0.20083121839247392]",4.999750012499375e-05,475,500,475,25,NL_REALIZED_COMMON_SUPPORT,475,475,QUERY_REALIZATION_STRATUM_EXHAUSTED,False,0.0005499725013749313,True
Popularity,BM25,ndcg_at_10,AUTO_NDCG10,0.006803202998276671,0.05004257528488708,-0.04323937228661041,"[-0.05789229114443517, -0.029927014843613098]",4.999750012499375e-05,475,500,475,25,NL_REALIZED_COMMON_SUPPORT,475,475,QUERY_REALIZATION_STRATUM_EXHAUSTED,False,0.0005499725013749313,True
RRF,BM25,ndcg_at_10,AUTO_NDCG10,0.19011019019605627,0.05004257528488708,0.14006761491116917,"[0.11871795898717585, 0.16244436267249393]",4.999750012499375e-05,475,500,475,25,NL_REALIZED_COMMON_SUPPORT,475,475,QUERY_REALIZATION_STRATUM_EXHAUSTED,False,0.0005499725013749313,True
Random,BM25,ndcg_at_10,AUTO_NDCG10,0.0022003576027478976,0.05004257528488708,-0.04784221768213918,"[-0.062327684485300607, -0.03475492705949865]",4.999750012499375e-05,475,500,475,25,NL_REALIZED_COMMON_SUPPORT,475,475,QUERY_REALIZATION_STRATUM_EXHAUSTED,False,0.0005499725013749313,True
SPLADE,BM25,ndcg_at_10,AUTO_NDCG10,0.2676774853911539,0.05004257528488708,0.21763491010626682,"[0.1876082836781521, 0.24770853247579527]",4.999750012499375e-05,475,500,475,25,NL_REALIZED_COMMON_SUPPORT,475,475,QUERY_REALIZATION_STRATUM_EXHAUSTED,False,0.0005499725013749313,True
TFIDF,BM25,ndcg_at_10,AUTO_NDCG10,0.014059446553341653,0.05004257528488708,-0.035983128731545425,"[-0.04624675850551792, -0.02680816033839129]",4.999750012499375e-05,475,500,475,25,NL_REALIZED_COMMON_SUPPORT,475,475,QUERY_REALIZATION_STRATUM_EXHAUSTED,False,0.0005499725013749313,True
RRF,BGEM3Dense,ndcg_at_10,AUTO_NDCG10,0.19011019019605627,0.1812548488285934,0.008855341367462858,"[-0.0128338631052836, 0.029923831567934444]",0.4125793710314484,475,500,475,25,NL_REALIZED_COMMON_SUPPORT,475,475,QUERY_REALIZATION_STRATUM_EXHAUSTED,False,0.4125793710314484,False
BGEM3Dense,BM25,map,AUTO_MAP,0.079730210804257,0.10792733759558315,-0.02819712679132613,"[-0.047858130252561616, -0.008626914154180883]",0.004649767511624419,475,500,475,25,NL_REALIZED_COMMON_SUPPORT,475,475,QUERY_REALIZATION_STRATUM_EXHAUSTED,False,0.013949302534873257,True
ColBERTv2,BM25,map,AUTO_MAP,0.18965241331942606,0.10792733759558315,0.08172507572384291,"[0.05785033207534524, 0.10683243046914144]",4.999750012499375e-05,475,500,475,25,NL_REALIZED_COMMON_SUPPORT,475,475,QUERY_REALIZATION_STRATUM_EXHAUSTED,False,0.0005499725013749313,True
GTEMultilingual,BM25,map,AUTO_MAP,0.050587363638114155,0.10792733759558315,-0.05733997395746897,"[-0.0769026786042433, -0.03839401353226663]",4.999750012499375e-05,475,500,475,25,NL_REALIZED_COMMON_SUPPORT,475,475,QUERY_REALIZATION_STRATUM_EXHAUSTED,False,0.0005499725013749313,True
MetadataCompleteness,BM25,map,AUTO_MAP,0.0076014801944598665,0.10792733759558315,-0.10032585740112328,"[-0.1187699693227261, -0.08312964003405095]",4.999750012499375e-05,475,500,475,25,NL_REALIZED_COMMON_SUPPORT,475,475,QUERY_REALIZATION_STRATUM_EXHAUSTED,False,0.0005499725013749313,True
MultilingualE5,BM25,map,AUTO_MAP,0.11437121443862135,0.10792733759558315,0.006443876843038193,"[-0.01489481552982857, 0.027952272654815324]",0.5497225138743063,475,500,475,25,NL_REALIZED_COMMON_SUPPORT,475,475,QUERY_REALIZATION_STRATUM_EXHAUSTED,False,0.5497225138743063,False
Popularity,BM25,map,AUTO_MAP,0.004845775106255393,0.10792733759558315,-0.10308156248932775,"[-0.12188721010739183, -0.08553063144091047]",4.999750012499375e-05,475,500,475,25,NL_REALIZED_COMMON_SUPPORT,475,475,QUERY_REALIZATION_STRATUM_EXHAUSTED,False,0.0005499725013749313,True
RRF,BM25,map,AUTO_MAP,0.12008841301856929,0.10792733759558315,0.01216107542298614,"[0.0024228698184328096, 0.022099061934330505]",0.015799210039498024,475,500,475,25,NL_REALIZED_COMMON_SUPPORT,475,475,QUERY_REALIZATION_STRATUM_EXHAUSTED,False,0.03159842007899605,True
Random,BM25,map,AUTO_MAP,0.0024667434885130577,0.10792733759558315,-0.10546059410707008,"[-0.12424511109548454, -0.08791869939744143]",4.999750012499375e-05,475,500,475,25,NL_REALIZED_COMMON_SUPPORT,475,475,QUERY_REALIZATION_STRATUM_EXHAUSTED,False,0.0005499725013749313,True
SPLADE,BM25,map,AUTO_MAP,0.16381849142289154,0.10792733759558315,0.0558911538273084,"[0.032538306293382155, 0.0805179023728476]",4.999750012499375e-05,475,500,475,25,NL_REALIZED_COMMON_SUPPORT,475,475,QUERY_REALIZATION_STRATUM_EXHAUSTED,False,0.0005499725013749313,True
TFIDF,BM25,map,AUTO_MAP,0.0932550200232504,0.10792733759558315,-0.014672317572332743,"[-0.02098712665903723, -0.00912962971622121]",4.999750012499375e-05,475,500,475,25,NL_REALIZED_COMMON_SUPPORT,475,475,QUERY_REALIZATION_STRATUM_EXHAUSTED,False,0.0005499725013749313,True
RRF,BGEM3Dense,map,AUTO_MAP,0.12008841301856929,0.079730210804257,0.040358202214312265,"[0.027626294418582057, 0.05368011673254056]",4.999750012499375e-05,475,500,475,25,NL_REALIZED_COMMON_SUPPORT,475,475,QUERY_REALIZATION_STRATUM_EXHAUSTED,False,0.0005499725013749313,True
