utility,rule,top5,bottom5
U0,AME,"['rq4pl_6d050112c2bb5784fe247e301c0e63d0f5b9d3b1b8fd618851ca9e9c2b78b867', 'rq4pl_1a5ade7ebe21d184c51a0987dde4ae0f770fe7723ce0cbcc92a96f9caa08b59c', 'rq4pl_c1d8a9bfead19c50780def1c687d02f094e1ba4b78f034cf5f3af37ad6c6aa83', 'rq4pl_704732b7282cac1f404ca502930d30fda9625a2af72f54afdac7dae6d25c7c54', 'rq4pl_a9793baa644855553e8015d6a1b3d02070efe245762ffae94df09bd769cdcba2']","['rq4pl_49a0fe00384016bb5def3279c2c707dca67b361547be80fc15389ac9c17f494d', 'rq4pl_ddded89f25c263e646c6de652144e12a3a857b99f36ea28a4e48059f0d3feedd', 'rq4pl_81944e8b070b792bee63c694afa6df24ae334bcec84fb750323b7010e5b89f0c', 'rq4pl_5ed0bb4c8d3c870a714d77e2173f6576e6fdb37d1b4aeb30a571a4f3358d0209', 'rq4pl_e05ca12594d92d5ffa238e73d9c4d2d58648d44595cc4b742e4987827e6005ec']"
U1,AME,"['rq4pl_91b95ed1e9b13d6acbb09a43677fd72ded41f866d90394cda2a5ddb957e36d36', 'rq4pl_7f11a95cb3c782a07423244f0559dc07990186de3f2c3433ca7c031a299e1ed6', 'rq4pl_531b9c0c619e4db6be919435fa31a4d082f65428f9aad61ca94aa5ea33f9e56d', 'rq4pl_ec4768bbd656fe4efb8d2ea314eb11fe6a2ab4f58c0075100553b6cdaa76dc40', 'rq4pl_528faab818aea81377a588b69617c8879424b2b7442ec09bcb9ed017ec4d6d3f']","['rq4pl_a9793baa644855553e8015d6a1b3d02070efe245762ffae94df09bd769cdcba2', 'rq4pl_81944e8b070b792bee63c694afa6df24ae334bcec84fb750323b7010e5b89f0c', 'rq4pl_e05ca12594d92d5ffa238e73d9c4d2d58648d44595cc4b742e4987827e6005ec', 'rq4pl_5ed0bb4c8d3c870a714d77e2173f6576e6fdb37d1b4aeb30a571a4f3358d0209', 'rq4pl_704732b7282cac1f404ca502930d30fda9625a2af72f54afdac7dae6d25c7c54']"
U0,Banzhaf,"['rq4pl_6d050112c2bb5784fe247e301c0e63d0f5b9d3b1b8fd618851ca9e9c2b78b867', 'rq4pl_1a5ade7ebe21d184c51a0987dde4ae0f770fe7723ce0cbcc92a96f9caa08b59c', 'rq4pl_c1d8a9bfead19c50780def1c687d02f094e1ba4b78f034cf5f3af37ad6c6aa83', 'rq4pl_5184388a6f4710019ba3de190fa81206bc33d73d5cf9bdb1fb5ff0ab7aa78ce3', 'rq4pl_704732b7282cac1f404ca502930d30fda9625a2af72f54afdac7dae6d25c7c54']","['rq4pl_49a0fe00384016bb5def3279c2c707dca67b361547be80fc15389ac9c17f494d', 'rq4pl_ddded89f25c263e646c6de652144e12a3a857b99f36ea28a4e48059f0d3feedd', 'rq4pl_81944e8b070b792bee63c694afa6df24ae334bcec84fb750323b7010e5b89f0c', 'rq4pl_5ed0bb4c8d3c870a714d77e2173f6576e6fdb37d1b4aeb30a571a4f3358d0209', 'rq4pl_e05ca12594d92d5ffa238e73d9c4d2d58648d44595cc4b742e4987827e6005ec']"
U1,Banzhaf,"['rq4pl_91b95ed1e9b13d6acbb09a43677fd72ded41f866d90394cda2a5ddb957e36d36', 'rq4pl_7f11a95cb3c782a07423244f0559dc07990186de3f2c3433ca7c031a299e1ed6', 'rq4pl_531b9c0c619e4db6be919435fa31a4d082f65428f9aad61ca94aa5ea33f9e56d', 'rq4pl_ec4768bbd656fe4efb8d2ea314eb11fe6a2ab4f58c0075100553b6cdaa76dc40', 'rq4pl_a9a9f8752e77fd422a9e11996f9c6ef7383c98dbd9fbbdefdd9ee2826a145f87']","['rq4pl_dd9c02a4f48d8522951eca749bbc246b9ba10de171f1f6810bf6cdbd5db9ba96', 'rq4pl_99654ddaf213d54232ef4d4124775aa57c181595de1c34c3e29845e83aa37d49', 'rq4pl_e05ca12594d92d5ffa238e73d9c4d2d58648d44595cc4b742e4987827e6005ec', 'rq4pl_5ed0bb4c8d3c870a714d77e2173f6576e6fdb37d1b4aeb30a571a4f3358d0209', 'rq4pl_704732b7282cac1f404ca502930d30fda9625a2af72f54afdac7dae6d25c7c54']"
U0,BetaShapley,"['rq4pl_6d050112c2bb5784fe247e301c0e63d0f5b9d3b1b8fd618851ca9e9c2b78b867', 'rq4pl_1a5ade7ebe21d184c51a0987dde4ae0f770fe7723ce0cbcc92a96f9caa08b59c', 'rq4pl_c1d8a9bfead19c50780def1c687d02f094e1ba4b78f034cf5f3af37ad6c6aa83', 'rq4pl_5184388a6f4710019ba3de190fa81206bc33d73d5cf9bdb1fb5ff0ab7aa78ce3', 'rq4pl_704732b7282cac1f404ca502930d30fda9625a2af72f54afdac7dae6d25c7c54']","['rq4pl_49a0fe00384016bb5def3279c2c707dca67b361547be80fc15389ac9c17f494d', 'rq4pl_ddded89f25c263e646c6de652144e12a3a857b99f36ea28a4e48059f0d3feedd', 'rq4pl_81944e8b070b792bee63c694afa6df24ae334bcec84fb750323b7010e5b89f0c', 'rq4pl_5ed0bb4c8d3c870a714d77e2173f6576e6fdb37d1b4aeb30a571a4f3358d0209', 'rq4pl_e05ca12594d92d5ffa238e73d9c4d2d58648d44595cc4b742e4987827e6005ec']"
U1,BetaShapley,"['rq4pl_91b95ed1e9b13d6acbb09a43677fd72ded41f866d90394cda2a5ddb957e36d36', 'rq4pl_528faab818aea81377a588b69617c8879424b2b7442ec09bcb9ed017ec4d6d3f', 'rq4pl_2e80f039f040a45eb52235ab80a0277dbfffc4ed7ccbe651ee5041205d6d9761', 'rq4pl_5a2258b978ff34e7af144229f99d6c44cb7181831e348fc5629dcc0d2355dedf', 'rq4pl_d66b087b0e4957bdf0aafee5f81fa592b12fa633b7dc393d329e0222672b944b']","['rq4pl_ddded89f25c263e646c6de652144e12a3a857b99f36ea28a4e48059f0d3feedd', 'rq4pl_5ed0bb4c8d3c870a714d77e2173f6576e6fdb37d1b4aeb30a571a4f3358d0209', 'rq4pl_49a0fe00384016bb5def3279c2c707dca67b361547be80fc15389ac9c17f494d', 'rq4pl_81944e8b070b792bee63c694afa6df24ae334bcec84fb750323b7010e5b89f0c', 'rq4pl_e05ca12594d92d5ffa238e73d9c4d2d58648d44595cc4b742e4987827e6005ec']"
U0,LeaveOneOut,"['rq4pl_6d050112c2bb5784fe247e301c0e63d0f5b9d3b1b8fd618851ca9e9c2b78b867', 'rq4pl_1a5ade7ebe21d184c51a0987dde4ae0f770fe7723ce0cbcc92a96f9caa08b59c', 'rq4pl_c1d8a9bfead19c50780def1c687d02f094e1ba4b78f034cf5f3af37ad6c6aa83', 'rq4pl_5184388a6f4710019ba3de190fa81206bc33d73d5cf9bdb1fb5ff0ab7aa78ce3', 'rq4pl_704732b7282cac1f404ca502930d30fda9625a2af72f54afdac7dae6d25c7c54']","['rq4pl_49a0fe00384016bb5def3279c2c707dca67b361547be80fc15389ac9c17f494d', 'rq4pl_ddded89f25c263e646c6de652144e12a3a857b99f36ea28a4e48059f0d3feedd', 'rq4pl_81944e8b070b792bee63c694afa6df24ae334bcec84fb750323b7010e5b89f0c', 'rq4pl_5ed0bb4c8d3c870a714d77e2173f6576e6fdb37d1b4aeb30a571a4f3358d0209', 'rq4pl_e05ca12594d92d5ffa238e73d9c4d2d58648d44595cc4b742e4987827e6005ec']"
U1,LeaveOneOut,"['rq4pl_91b95ed1e9b13d6acbb09a43677fd72ded41f866d90394cda2a5ddb957e36d36', 'rq4pl_7f11a95cb3c782a07423244f0559dc07990186de3f2c3433ca7c031a299e1ed6', 'rq4pl_531b9c0c619e4db6be919435fa31a4d082f65428f9aad61ca94aa5ea33f9e56d', 'rq4pl_ec4768bbd656fe4efb8d2ea314eb11fe6a2ab4f58c0075100553b6cdaa76dc40', 'rq4pl_a9a9f8752e77fd422a9e11996f9c6ef7383c98dbd9fbbdefdd9ee2826a145f87']","['rq4pl_e05ca12594d92d5ffa238e73d9c4d2d58648d44595cc4b742e4987827e6005ec', 'rq4pl_dd9c02a4f48d8522951eca749bbc246b9ba10de171f1f6810bf6cdbd5db9ba96', 'rq4pl_5ed0bb4c8d3c870a714d77e2173f6576e6fdb37d1b4aeb30a571a4f3358d0209', 'rq4pl_e4bd54fcbb4fa282dda7e8b52bd3f36cabb08cbbb872585c2cfde9ab6fb52bc3', 'rq4pl_704732b7282cac1f404ca502930d30fda9625a2af72f54afdac7dae6d25c7c54']"
U0,Shapley,"['rq4pl_6d050112c2bb5784fe247e301c0e63d0f5b9d3b1b8fd618851ca9e9c2b78b867', 'rq4pl_1a5ade7ebe21d184c51a0987dde4ae0f770fe7723ce0cbcc92a96f9caa08b59c', 'rq4pl_c1d8a9bfead19c50780def1c687d02f094e1ba4b78f034cf5f3af37ad6c6aa83', 'rq4pl_5184388a6f4710019ba3de190fa81206bc33d73d5cf9bdb1fb5ff0ab7aa78ce3', 'rq4pl_704732b7282cac1f404ca502930d30fda9625a2af72f54afdac7dae6d25c7c54']","['rq4pl_49a0fe00384016bb5def3279c2c707dca67b361547be80fc15389ac9c17f494d', 'rq4pl_ddded89f25c263e646c6de652144e12a3a857b99f36ea28a4e48059f0d3feedd', 'rq4pl_81944e8b070b792bee63c694afa6df24ae334bcec84fb750323b7010e5b89f0c', 'rq4pl_5ed0bb4c8d3c870a714d77e2173f6576e6fdb37d1b4aeb30a571a4f3358d0209', 'rq4pl_e05ca12594d92d5ffa238e73d9c4d2d58648d44595cc4b742e4987827e6005ec']"
U1,Shapley,"['rq4pl_91b95ed1e9b13d6acbb09a43677fd72ded41f866d90394cda2a5ddb957e36d36', 'rq4pl_528faab818aea81377a588b69617c8879424b2b7442ec09bcb9ed017ec4d6d3f', 'rq4pl_531b9c0c619e4db6be919435fa31a4d082f65428f9aad61ca94aa5ea33f9e56d', 'rq4pl_2e80f039f040a45eb52235ab80a0277dbfffc4ed7ccbe651ee5041205d6d9761', 'rq4pl_7f11a95cb3c782a07423244f0559dc07990186de3f2c3433ca7c031a299e1ed6']","['rq4pl_ddded89f25c263e646c6de652144e12a3a857b99f36ea28a4e48059f0d3feedd', 'rq4pl_49a0fe00384016bb5def3279c2c707dca67b361547be80fc15389ac9c17f494d', 'rq4pl_5ed0bb4c8d3c870a714d77e2173f6576e6fdb37d1b4aeb30a571a4f3358d0209', 'rq4pl_81944e8b070b792bee63c694afa6df24ae334bcec84fb750323b7010e5b89f0c', 'rq4pl_e05ca12594d92d5ffa238e73d9c4d2d58648d44595cc4b742e4987827e6005ec']"
U0,StandaloneUtility,"['rq4pl_6d050112c2bb5784fe247e301c0e63d0f5b9d3b1b8fd618851ca9e9c2b78b867', 'rq4pl_1a5ade7ebe21d184c51a0987dde4ae0f770fe7723ce0cbcc92a96f9caa08b59c', 'rq4pl_c1d8a9bfead19c50780def1c687d02f094e1ba4b78f034cf5f3af37ad6c6aa83', 'rq4pl_5184388a6f4710019ba3de190fa81206bc33d73d5cf9bdb1fb5ff0ab7aa78ce3', 'rq4pl_704732b7282cac1f404ca502930d30fda9625a2af72f54afdac7dae6d25c7c54']","['rq4pl_49a0fe00384016bb5def3279c2c707dca67b361547be80fc15389ac9c17f494d', 'rq4pl_ddded89f25c263e646c6de652144e12a3a857b99f36ea28a4e48059f0d3feedd', 'rq4pl_81944e8b070b792bee63c694afa6df24ae334bcec84fb750323b7010e5b89f0c', 'rq4pl_5ed0bb4c8d3c870a714d77e2173f6576e6fdb37d1b4aeb30a571a4f3358d0209', 'rq4pl_e05ca12594d92d5ffa238e73d9c4d2d58648d44595cc4b742e4987827e6005ec']"
U1,StandaloneUtility,"['rq4pl_50b52f48539311562de5f2c4511a487f16b741151bdafdf9aea7e9ce3acd2edf', 'rq4pl_2e80f039f040a45eb52235ab80a0277dbfffc4ed7ccbe651ee5041205d6d9761', 'rq4pl_ec4768bbd656fe4efb8d2ea314eb11fe6a2ab4f58c0075100553b6cdaa76dc40', 'rq4pl_528faab818aea81377a588b69617c8879424b2b7442ec09bcb9ed017ec4d6d3f', 'rq4pl_c50df2d0f34dccd5c6fd4c04df2554296de0951cfae153caf66c3d1b28edf2a5']","['rq4pl_49a0fe00384016bb5def3279c2c707dca67b361547be80fc15389ac9c17f494d', 'rq4pl_ddded89f25c263e646c6de652144e12a3a857b99f36ea28a4e48059f0d3feedd', 'rq4pl_81944e8b070b792bee63c694afa6df24ae334bcec84fb750323b7010e5b89f0c', 'rq4pl_5ed0bb4c8d3c870a714d77e2173f6576e6fdb37d1b4aeb30a571a4f3358d0209', 'rq4pl_e05ca12594d92d5ffa238e73d9c4d2d58648d44595cc4b742e4987827e6005ec']"
