condition,method_id,metric,point_estimate,support_n,support_unit,seed_count,uncertainty,evaluation_scope
G0,HYB_MINILM,MAE,0.0909273509349207,106907,outer_test_observation,1,SEE_BOUND_BOOTSTRAP_TABLE,PRIMARY_NON_GDF
G0,HYB_MINILM,R2,0.5267820118556804,106907,outer_test_observation,1,SEE_BOUND_BOOTSTRAP_TABLE,PRIMARY_NON_GDF
G0,HYB_MINILM,RMSE,0.13221483378688362,106907,outer_test_observation,1,SEE_BOUND_BOOTSTRAP_TABLE,PRIMARY_NON_GDF
G0,HYB_MINILM,Spearman,0.7645900476219739,106907,outer_test_observation,1,SEE_BOUND_BOOTSTRAP_TABLE,PRIMARY_NON_GDF
G0,HYB_MINILM,Pearson,0.7257977485860748,106907,outer_test_observation,1,SEE_BOUND_BOOTSTRAP_TABLE,PRIMARY_NON_GDF
G0,HYB_MINILM,Kendall,0.5766499908164818,106907,outer_test_observation,1,SEE_BOUND_BOOTSTRAP_TABLE,PRIMARY_NON_GDF
G0,HYB_TFIDF,MAE,0.0908057058197114,106907,outer_test_observation,1,SEE_BOUND_BOOTSTRAP_TABLE,PRIMARY_NON_GDF
G0,HYB_TFIDF,R2,0.5274704042563954,106907,outer_test_observation,1,SEE_BOUND_BOOTSTRAP_TABLE,PRIMARY_NON_GDF
G0,HYB_TFIDF,RMSE,0.13211863202210017,106907,outer_test_observation,1,SEE_BOUND_BOOTSTRAP_TABLE,PRIMARY_NON_GDF
G0,HYB_TFIDF,Spearman,0.764538850707892,106907,outer_test_observation,1,SEE_BOUND_BOOTSTRAP_TABLE,PRIMARY_NON_GDF
G0,HYB_TFIDF,Pearson,0.7262719242588965,106907,outer_test_observation,1,SEE_BOUND_BOOTSTRAP_TABLE,PRIMARY_NON_GDF
G0,HYB_TFIDF,Kendall,0.5764732268494644,106907,outer_test_observation,1,SEE_BOUND_BOOTSTRAP_TABLE,PRIMARY_NON_GDF
G0,LGBM_D,MAE,0.16085305215195858,106907,outer_test_observation,1,SEE_BOUND_BOOTSTRAP_TABLE,PRIMARY_NON_GDF
G0,LGBM_D,R2,0.044144573497185036,106907,outer_test_observation,1,SEE_BOUND_BOOTSTRAP_TABLE,PRIMARY_NON_GDF
G0,LGBM_D,RMSE,0.18790817125607287,106907,outer_test_observation,1,SEE_BOUND_BOOTSTRAP_TABLE,PRIMARY_NON_GDF
G0,LGBM_D,Spearman,0.04455731825401823,106907,outer_test_observation,1,SEE_BOUND_BOOTSTRAP_TABLE,PRIMARY_NON_GDF
G0,LGBM_D,Pearson,0.21014285118478349,106907,outer_test_observation,1,SEE_BOUND_BOOTSTRAP_TABLE,PRIMARY_NON_GDF
G0,LGBM_D,Kendall,0.031061074777194407,106907,outer_test_observation,1,SEE_BOUND_BOOTSTRAP_TABLE,PRIMARY_NON_GDF
G0,LGBM_DW_MINILM,MAE,0.09099010183726093,106907,outer_test_observation,1,SEE_BOUND_BOOTSTRAP_TABLE,PRIMARY_NON_GDF
G0,LGBM_DW_MINILM,R2,0.5265450414065147,106907,outer_test_observation,1,SEE_BOUND_BOOTSTRAP_TABLE,PRIMARY_NON_GDF
G0,LGBM_DW_MINILM,RMSE,0.1322479338464297,106907,outer_test_observation,1,SEE_BOUND_BOOTSTRAP_TABLE,PRIMARY_NON_GDF
G0,LGBM_DW_MINILM,Spearman,0.76458006012579,106907,outer_test_observation,1,SEE_BOUND_BOOTSTRAP_TABLE,PRIMARY_NON_GDF
G0,LGBM_DW_MINILM,Pearson,0.7256346569540733,106907,outer_test_observation,1,SEE_BOUND_BOOTSTRAP_TABLE,PRIMARY_NON_GDF
G0,LGBM_DW_MINILM,Kendall,0.5766100215584181,106907,outer_test_observation,1,SEE_BOUND_BOOTSTRAP_TABLE,PRIMARY_NON_GDF
G0,LGBM_DW_TFIDF,MAE,0.09089466776283944,106907,outer_test_observation,1,SEE_BOUND_BOOTSTRAP_TABLE,PRIMARY_NON_GDF
G0,LGBM_DW_TFIDF,R2,0.527180415336886,106907,outer_test_observation,1,SEE_BOUND_BOOTSTRAP_TABLE,PRIMARY_NON_GDF
G0,LGBM_DW_TFIDF,RMSE,0.13215916605783362,106907,outer_test_observation,1,SEE_BOUND_BOOTSTRAP_TABLE,PRIMARY_NON_GDF
G0,LGBM_DW_TFIDF,Spearman,0.764798758764833,106907,outer_test_observation,1,SEE_BOUND_BOOTSTRAP_TABLE,PRIMARY_NON_GDF
G0,LGBM_DW_TFIDF,Pearson,0.7260724359357837,106907,outer_test_observation,1,SEE_BOUND_BOOTSTRAP_TABLE,PRIMARY_NON_GDF
G0,LGBM_DW_TFIDF,Kendall,0.5769265543057368,106907,outer_test_observation,1,SEE_BOUND_BOOTSTRAP_TABLE,PRIMARY_NON_GDF
G0,LGBM_W_MINILM,MAE,0.10107710161370145,106907,outer_test_observation,1,SEE_BOUND_BOOTSTRAP_TABLE,PRIMARY_NON_GDF
G0,LGBM_W_MINILM,R2,0.46835796491658566,106907,outer_test_observation,1,SEE_BOUND_BOOTSTRAP_TABLE,PRIMARY_NON_GDF
G0,LGBM_W_MINILM,RMSE,0.14013906540631457,106907,outer_test_observation,1,SEE_BOUND_BOOTSTRAP_TABLE,PRIMARY_NON_GDF
G0,LGBM_W_MINILM,Spearman,0.7328108329262922,106907,outer_test_observation,1,SEE_BOUND_BOOTSTRAP_TABLE,PRIMARY_NON_GDF
G0,LGBM_W_MINILM,Pearson,0.6843765609526034,106907,outer_test_observation,1,SEE_BOUND_BOOTSTRAP_TABLE,PRIMARY_NON_GDF
G0,LGBM_W_MINILM,Kendall,0.5427934533026532,106907,outer_test_observation,1,SEE_BOUND_BOOTSTRAP_TABLE,PRIMARY_NON_GDF
G0,LGBM_W_TFIDF,MAE,0.10108147144531865,106907,outer_test_observation,1,SEE_BOUND_BOOTSTRAP_TABLE,PRIMARY_NON_GDF
G0,LGBM_W_TFIDF,R2,0.4684375243358334,106907,outer_test_observation,1,SEE_BOUND_BOOTSTRAP_TABLE,PRIMARY_NON_GDF
G0,LGBM_W_TFIDF,RMSE,0.14012857921534855,106907,outer_test_observation,1,SEE_BOUND_BOOTSTRAP_TABLE,PRIMARY_NON_GDF
G0,LGBM_W_TFIDF,Spearman,0.7328166093898086,106907,outer_test_observation,1,SEE_BOUND_BOOTSTRAP_TABLE,PRIMARY_NON_GDF
G0,LGBM_W_TFIDF,Pearson,0.6844346394082426,106907,outer_test_observation,1,SEE_BOUND_BOOTSTRAP_TABLE,PRIMARY_NON_GDF
G0,LGBM_W_TFIDF,Kendall,0.5427877521033841,106907,outer_test_observation,1,SEE_BOUND_BOOTSTRAP_TABLE,PRIMARY_NON_GDF
GD,HYB_MINILM,MAE,0.14787170320278248,106907,outer_test_observation,1,SEE_BOUND_BOOTSTRAP_TABLE,PRIMARY_NON_GDF
GD,HYB_MINILM,R2,-0.30362878706714147,106907,outer_test_observation,1,SEE_BOUND_BOOTSTRAP_TABLE,PRIMARY_NON_GDF
GD,HYB_MINILM,RMSE,0.2194454254539562,106907,outer_test_observation,1,SEE_BOUND_BOOTSTRAP_TABLE,PRIMARY_NON_GDF
GD,HYB_MINILM,Spearman,-0.02992986054839736,106907,outer_test_observation,1,SEE_BOUND_BOOTSTRAP_TABLE,PRIMARY_NON_GDF
GD,HYB_MINILM,Pearson,0.1725598265817619,106907,outer_test_observation,1,SEE_BOUND_BOOTSTRAP_TABLE,PRIMARY_NON_GDF
GD,HYB_MINILM,Kendall,-0.028820374705874514,106907,outer_test_observation,1,SEE_BOUND_BOOTSTRAP_TABLE,PRIMARY_NON_GDF
GD,HYB_TFIDF,MAE,0.145456228168638,106907,outer_test_observation,1,SEE_BOUND_BOOTSTRAP_TABLE,PRIMARY_NON_GDF
GD,HYB_TFIDF,R2,-0.3856421580652054,106907,outer_test_observation,1,SEE_BOUND_BOOTSTRAP_TABLE,PRIMARY_NON_GDF
GD,HYB_TFIDF,RMSE,0.22624297610986555,106907,outer_test_observation,1,SEE_BOUND_BOOTSTRAP_TABLE,PRIMARY_NON_GDF
GD,HYB_TFIDF,Spearman,-0.3692265959024166,106907,outer_test_observation,1,SEE_BOUND_BOOTSTRAP_TABLE,PRIMARY_NON_GDF
GD,HYB_TFIDF,Pearson,0.09653298919354955,106907,outer_test_observation,1,SEE_BOUND_BOOTSTRAP_TABLE,PRIMARY_NON_GDF
GD,HYB_TFIDF,Kendall,-0.27074335934251786,106907,outer_test_observation,1,SEE_BOUND_BOOTSTRAP_TABLE,PRIMARY_NON_GDF
GD,LGBM_D,MAE,0.15670505249326191,106907,outer_test_observation,1,SEE_BOUND_BOOTSTRAP_TABLE,PRIMARY_NON_GDF
GD,LGBM_D,R2,-0.020832236665178305,106907,outer_test_observation,1,SEE_BOUND_BOOTSTRAP_TABLE,PRIMARY_NON_GDF
GD,LGBM_D,RMSE,0.19418994958877792,106907,outer_test_observation,1,SEE_BOUND_BOOTSTRAP_TABLE,PRIMARY_NON_GDF
GD,LGBM_D,Spearman,0.07453119746911412,106907,outer_test_observation,1,SEE_BOUND_BOOTSTRAP_TABLE,PRIMARY_NON_GDF
GD,LGBM_D,Pearson,0.1206532154341942,106907,outer_test_observation,1,SEE_BOUND_BOOTSTRAP_TABLE,PRIMARY_NON_GDF
GD,LGBM_D,Kendall,0.05635459525734777,106907,outer_test_observation,1,SEE_BOUND_BOOTSTRAP_TABLE,PRIMARY_NON_GDF
GD,LGBM_DW_MINILM,MAE,0.14651416544614032,106907,outer_test_observation,1,SEE_BOUND_BOOTSTRAP_TABLE,PRIMARY_NON_GDF
GD,LGBM_DW_MINILM,R2,-0.23166122356389263,106907,outer_test_observation,1,SEE_BOUND_BOOTSTRAP_TABLE,PRIMARY_NON_GDF
GD,LGBM_DW_MINILM,RMSE,0.21330213149731353,106907,outer_test_observation,1,SEE_BOUND_BOOTSTRAP_TABLE,PRIMARY_NON_GDF
GD,LGBM_DW_MINILM,Spearman,-0.03878193976247023,106907,outer_test_observation,1,SEE_BOUND_BOOTSTRAP_TABLE,PRIMARY_NON_GDF
GD,LGBM_DW_MINILM,Pearson,0.14586145966399885,106907,outer_test_observation,1,SEE_BOUND_BOOTSTRAP_TABLE,PRIMARY_NON_GDF
GD,LGBM_DW_MINILM,Kendall,-0.03358123283661145,106907,outer_test_observation,1,SEE_BOUND_BOOTSTRAP_TABLE,PRIMARY_NON_GDF
GD,LGBM_DW_TFIDF,MAE,0.15122393117262348,106907,outer_test_observation,1,SEE_BOUND_BOOTSTRAP_TABLE,PRIMARY_NON_GDF
GD,LGBM_DW_TFIDF,R2,-0.5289913433735352,106907,outer_test_observation,1,SEE_BOUND_BOOTSTRAP_TABLE,PRIMARY_NON_GDF
GD,LGBM_DW_TFIDF,RMSE,0.237657800932938,106907,outer_test_observation,1,SEE_BOUND_BOOTSTRAP_TABLE,PRIMARY_NON_GDF
GD,LGBM_DW_TFIDF,Spearman,-0.3531966157248105,106907,outer_test_observation,1,SEE_BOUND_BOOTSTRAP_TABLE,PRIMARY_NON_GDF
GD,LGBM_DW_TFIDF,Pearson,0.08963808265232681,106907,outer_test_observation,1,SEE_BOUND_BOOTSTRAP_TABLE,PRIMARY_NON_GDF
GD,LGBM_DW_TFIDF,Kendall,-0.25330181948820235,106907,outer_test_observation,1,SEE_BOUND_BOOTSTRAP_TABLE,PRIMARY_NON_GDF
GD,LGBM_W_MINILM,MAE,0.13052597432435367,106907,outer_test_observation,1,SEE_BOUND_BOOTSTRAP_TABLE,PRIMARY_NON_GDF
GD,LGBM_W_MINILM,R2,-0.06134679895474915,106907,outer_test_observation,1,SEE_BOUND_BOOTSTRAP_TABLE,PRIMARY_NON_GDF
GD,LGBM_W_MINILM,RMSE,0.19800593965774577,106907,outer_test_observation,1,SEE_BOUND_BOOTSTRAP_TABLE,PRIMARY_NON_GDF
GD,LGBM_W_MINILM,Spearman,0.43708754213047146,106907,outer_test_observation,1,SEE_BOUND_BOOTSTRAP_TABLE,PRIMARY_NON_GDF
GD,LGBM_W_MINILM,Pearson,0.34861407125364263,106907,outer_test_observation,1,SEE_BOUND_BOOTSTRAP_TABLE,PRIMARY_NON_GDF
GD,LGBM_W_MINILM,Kendall,0.3163746048899317,106907,outer_test_observation,1,SEE_BOUND_BOOTSTRAP_TABLE,PRIMARY_NON_GDF
GD,LGBM_W_TFIDF,MAE,0.14427860705972134,106907,outer_test_observation,1,SEE_BOUND_BOOTSTRAP_TABLE,PRIMARY_NON_GDF
GD,LGBM_W_TFIDF,R2,-0.2895740791801453,106907,outer_test_observation,1,SEE_BOUND_BOOTSTRAP_TABLE,PRIMARY_NON_GDF
GD,LGBM_W_TFIDF,RMSE,0.2182592751213496,106907,outer_test_observation,1,SEE_BOUND_BOOTSTRAP_TABLE,PRIMARY_NON_GDF
GD,LGBM_W_TFIDF,Spearman,0.09207354937526668,106907,outer_test_observation,1,SEE_BOUND_BOOTSTRAP_TABLE,PRIMARY_NON_GDF
GD,LGBM_W_TFIDF,Pearson,0.10114241867002464,106907,outer_test_observation,1,SEE_BOUND_BOOTSTRAP_TABLE,PRIMARY_NON_GDF
GD,LGBM_W_TFIDF,Kendall,0.07730269998576497,106907,outer_test_observation,1,SEE_BOUND_BOOTSTRAP_TABLE,PRIMARY_NON_GDF
GF,HYB_MINILM,MAE,0.11076311124600027,106907,outer_test_observation,1,SEE_BOUND_BOOTSTRAP_TABLE,PRIMARY_NON_GDF
GF,HYB_MINILM,R2,0.3338273244849834,106907,outer_test_observation,1,SEE_BOUND_BOOTSTRAP_TABLE,PRIMARY_NON_GDF
GF,HYB_MINILM,RMSE,0.15687110963193882,106907,outer_test_observation,1,SEE_BOUND_BOOTSTRAP_TABLE,PRIMARY_NON_GDF
GF,HYB_MINILM,Spearman,0.6977473620172826,106907,outer_test_observation,1,SEE_BOUND_BOOTSTRAP_TABLE,PRIMARY_NON_GDF
GF,HYB_MINILM,Pearson,0.6009389919302052,106907,outer_test_observation,1,SEE_BOUND_BOOTSTRAP_TABLE,PRIMARY_NON_GDF
GF,HYB_MINILM,Kendall,0.5260884073961166,106907,outer_test_observation,1,SEE_BOUND_BOOTSTRAP_TABLE,PRIMARY_NON_GDF
GF,HYB_TFIDF,MAE,0.10310840794428204,106907,outer_test_observation,1,SEE_BOUND_BOOTSTRAP_TABLE,PRIMARY_NON_GDF
GF,HYB_TFIDF,R2,0.45386863616604534,106907,outer_test_observation,1,SEE_BOUND_BOOTSTRAP_TABLE,PRIMARY_NON_GDF
GF,HYB_TFIDF,RMSE,0.1420358975973789,106907,outer_test_observation,1,SEE_BOUND_BOOTSTRAP_TABLE,PRIMARY_NON_GDF
GF,HYB_TFIDF,Spearman,0.7026585338640762,106907,outer_test_observation,1,SEE_BOUND_BOOTSTRAP_TABLE,PRIMARY_NON_GDF
GF,HYB_TFIDF,Pearson,0.6740972946490883,106907,outer_test_observation,1,SEE_BOUND_BOOTSTRAP_TABLE,PRIMARY_NON_GDF
GF,HYB_TFIDF,Kendall,0.5381490534302352,106907,outer_test_observation,1,SEE_BOUND_BOOTSTRAP_TABLE,PRIMARY_NON_GDF
GF,LGBM_D,MAE,0.1677114298726553,106907,outer_test_observation,1,SEE_BOUND_BOOTSTRAP_TABLE,PRIMARY_NON_GDF
GF,LGBM_D,R2,-0.05120150007852908,106907,outer_test_observation,1,SEE_BOUND_BOOTSTRAP_TABLE,PRIMARY_NON_GDF
GF,LGBM_D,RMSE,0.19705730860394124,106907,outer_test_observation,1,SEE_BOUND_BOOTSTRAP_TABLE,PRIMARY_NON_GDF
GF,LGBM_D,Spearman,-0.32119682805305655,106907,outer_test_observation,1,SEE_BOUND_BOOTSTRAP_TABLE,PRIMARY_NON_GDF
GF,LGBM_D,Pearson,0.01248678713656055,106907,outer_test_observation,1,SEE_BOUND_BOOTSTRAP_TABLE,PRIMARY_NON_GDF
GF,LGBM_D,Kendall,-0.24242341537536863,106907,outer_test_observation,1,SEE_BOUND_BOOTSTRAP_TABLE,PRIMARY_NON_GDF
GF,LGBM_DW_MINILM,MAE,0.11115606038166911,106907,outer_test_observation,1,SEE_BOUND_BOOTSTRAP_TABLE,PRIMARY_NON_GDF
GF,LGBM_DW_MINILM,R2,0.3081616827246604,106907,outer_test_observation,1,SEE_BOUND_BOOTSTRAP_TABLE,PRIMARY_NON_GDF
GF,LGBM_DW_MINILM,RMSE,0.1598644385525941,106907,outer_test_observation,1,SEE_BOUND_BOOTSTRAP_TABLE,PRIMARY_NON_GDF
GF,LGBM_DW_MINILM,Spearman,0.7001678243678606,106907,outer_test_observation,1,SEE_BOUND_BOOTSTRAP_TABLE,PRIMARY_NON_GDF
GF,LGBM_DW_MINILM,Pearson,0.5844519756245924,106907,outer_test_observation,1,SEE_BOUND_BOOTSTRAP_TABLE,PRIMARY_NON_GDF
GF,LGBM_DW_MINILM,Kendall,0.5311670100113021,106907,outer_test_observation,1,SEE_BOUND_BOOTSTRAP_TABLE,PRIMARY_NON_GDF
GF,LGBM_DW_TFIDF,MAE,0.10392668214878767,106907,outer_test_observation,1,SEE_BOUND_BOOTSTRAP_TABLE,PRIMARY_NON_GDF
GF,LGBM_DW_TFIDF,R2,0.45060191173861985,106907,outer_test_observation,1,SEE_BOUND_BOOTSTRAP_TABLE,PRIMARY_NON_GDF
GF,LGBM_DW_TFIDF,RMSE,0.14246006326858854,106907,outer_test_observation,1,SEE_BOUND_BOOTSTRAP_TABLE,PRIMARY_NON_GDF
GF,LGBM_DW_TFIDF,Spearman,0.6996065412899036,106907,outer_test_observation,1,SEE_BOUND_BOOTSTRAP_TABLE,PRIMARY_NON_GDF
GF,LGBM_DW_TFIDF,Pearson,0.6722667591380187,106907,outer_test_observation,1,SEE_BOUND_BOOTSTRAP_TABLE,PRIMARY_NON_GDF
GF,LGBM_DW_TFIDF,Kendall,0.5334970645894846,106907,outer_test_observation,1,SEE_BOUND_BOOTSTRAP_TABLE,PRIMARY_NON_GDF
GF,LGBM_W_MINILM,MAE,0.11633418344792619,106907,outer_test_observation,1,SEE_BOUND_BOOTSTRAP_TABLE,PRIMARY_NON_GDF
GF,LGBM_W_MINILM,R2,0.2682513395577545,106907,outer_test_observation,1,SEE_BOUND_BOOTSTRAP_TABLE,PRIMARY_NON_GDF
GF,LGBM_W_MINILM,RMSE,0.16441087057476295,106907,outer_test_observation,1,SEE_BOUND_BOOTSTRAP_TABLE,PRIMARY_NON_GDF
GF,LGBM_W_MINILM,Spearman,0.6725470602163488,106907,outer_test_observation,1,SEE_BOUND_BOOTSTRAP_TABLE,PRIMARY_NON_GDF
GF,LGBM_W_MINILM,Pearson,0.565007715515627,106907,outer_test_observation,1,SEE_BOUND_BOOTSTRAP_TABLE,PRIMARY_NON_GDF
GF,LGBM_W_MINILM,Kendall,0.5061233157885343,106907,outer_test_observation,1,SEE_BOUND_BOOTSTRAP_TABLE,PRIMARY_NON_GDF
GF,LGBM_W_TFIDF,MAE,0.11332808211128508,106907,outer_test_observation,1,SEE_BOUND_BOOTSTRAP_TABLE,PRIMARY_NON_GDF
GF,LGBM_W_TFIDF,R2,0.379717136785068,106907,outer_test_observation,1,SEE_BOUND_BOOTSTRAP_TABLE,PRIMARY_NON_GDF
GF,LGBM_W_TFIDF,RMSE,0.15137161776033253,106907,outer_test_observation,1,SEE_BOUND_BOOTSTRAP_TABLE,PRIMARY_NON_GDF
GF,LGBM_W_TFIDF,Spearman,0.6649692946055936,106907,outer_test_observation,1,SEE_BOUND_BOOTSTRAP_TABLE,PRIMARY_NON_GDF
GF,LGBM_W_TFIDF,Pearson,0.6248366846274467,106907,outer_test_observation,1,SEE_BOUND_BOOTSTRAP_TABLE,PRIMARY_NON_GDF
GF,LGBM_W_TFIDF,Kendall,0.49966804393243075,106907,outer_test_observation,1,SEE_BOUND_BOOTSTRAP_TABLE,PRIMARY_NON_GDF
GT80,HYB_MINILM,MAE,0.11696074716552793,21381,outer_test_observation,1,SEE_BOUND_BOOTSTRAP_TABLE,PRIMARY_NON_GDF
GT80,HYB_MINILM,R2,0.02729910667347235,21381,outer_test_observation,1,SEE_BOUND_BOOTSTRAP_TABLE,PRIMARY_NON_GDF
GT80,HYB_MINILM,RMSE,0.15695539462635322,21381,outer_test_observation,1,SEE_BOUND_BOOTSTRAP_TABLE,PRIMARY_NON_GDF
GT80,HYB_MINILM,Spearman,0.41122802948927295,21381,outer_test_observation,1,SEE_BOUND_BOOTSTRAP_TABLE,PRIMARY_NON_GDF
GT80,HYB_MINILM,Pearson,0.2612291035040448,21381,outer_test_observation,1,SEE_BOUND_BOOTSTRAP_TABLE,PRIMARY_NON_GDF
GT80,HYB_MINILM,Kendall,0.3034476830338139,21381,outer_test_observation,1,SEE_BOUND_BOOTSTRAP_TABLE,PRIMARY_NON_GDF
GT80,HYB_TFIDF,MAE,0.14675475092233908,21381,outer_test_observation,1,SEE_BOUND_BOOTSTRAP_TABLE,PRIMARY_NON_GDF
GT80,HYB_TFIDF,R2,-0.5189593994004169,21381,outer_test_observation,1,SEE_BOUND_BOOTSTRAP_TABLE,PRIMARY_NON_GDF
GT80,HYB_TFIDF,RMSE,0.19613706519612412,21381,outer_test_observation,1,SEE_BOUND_BOOTSTRAP_TABLE,PRIMARY_NON_GDF
GT80,HYB_TFIDF,Spearman,0.28695629103125725,21381,outer_test_observation,1,SEE_BOUND_BOOTSTRAP_TABLE,PRIMARY_NON_GDF
GT80,HYB_TFIDF,Pearson,0.04405072478324121,21381,outer_test_observation,1,SEE_BOUND_BOOTSTRAP_TABLE,PRIMARY_NON_GDF
GT80,HYB_TFIDF,Kendall,0.1765847137766692,21381,outer_test_observation,1,SEE_BOUND_BOOTSTRAP_TABLE,PRIMARY_NON_GDF
GT80,LGBM_D,MAE,0.15534566896955826,21381,outer_test_observation,1,SEE_BOUND_BOOTSTRAP_TABLE,PRIMARY_NON_GDF
GT80,LGBM_D,R2,-0.21947010904099407,21381,outer_test_observation,1,SEE_BOUND_BOOTSTRAP_TABLE,PRIMARY_NON_GDF
GT80,LGBM_D,RMSE,0.17574062622925507,21381,outer_test_observation,1,SEE_BOUND_BOOTSTRAP_TABLE,PRIMARY_NON_GDF
GT80,LGBM_D,Spearman,-0.3035577714070436,21381,outer_test_observation,1,SEE_BOUND_BOOTSTRAP_TABLE,PRIMARY_NON_GDF
GT80,LGBM_D,Pearson,0.06636207776352056,21381,outer_test_observation,1,SEE_BOUND_BOOTSTRAP_TABLE,PRIMARY_NON_GDF
GT80,LGBM_D,Kendall,-0.25002790099160627,21381,outer_test_observation,1,SEE_BOUND_BOOTSTRAP_TABLE,PRIMARY_NON_GDF
GT80,LGBM_DW_MINILM,MAE,0.11526501489594038,21381,outer_test_observation,1,SEE_BOUND_BOOTSTRAP_TABLE,PRIMARY_NON_GDF
GT80,LGBM_DW_MINILM,R2,0.04580595680861643,21381,outer_test_observation,1,SEE_BOUND_BOOTSTRAP_TABLE,PRIMARY_NON_GDF
GT80,LGBM_DW_MINILM,RMSE,0.15545508778267053,21381,outer_test_observation,1,SEE_BOUND_BOOTSTRAP_TABLE,PRIMARY_NON_GDF
GT80,LGBM_DW_MINILM,Spearman,0.44800842758996107,21381,outer_test_observation,1,SEE_BOUND_BOOTSTRAP_TABLE,PRIMARY_NON_GDF
GT80,LGBM_DW_MINILM,Pearson,0.28059508405900685,21381,outer_test_observation,1,SEE_BOUND_BOOTSTRAP_TABLE,PRIMARY_NON_GDF
GT80,LGBM_DW_MINILM,Kendall,0.33054066346725397,21381,outer_test_observation,1,SEE_BOUND_BOOTSTRAP_TABLE,PRIMARY_NON_GDF
GT80,LGBM_DW_TFIDF,MAE,0.15674458682483938,21381,outer_test_observation,1,SEE_BOUND_BOOTSTRAP_TABLE,PRIMARY_NON_GDF
GT80,LGBM_DW_TFIDF,R2,-0.6797945216036216,21381,outer_test_observation,1,SEE_BOUND_BOOTSTRAP_TABLE,PRIMARY_NON_GDF
GT80,LGBM_DW_TFIDF,RMSE,0.20625983694536837,21381,outer_test_observation,1,SEE_BOUND_BOOTSTRAP_TABLE,PRIMARY_NON_GDF
GT80,LGBM_DW_TFIDF,Spearman,0.28533366566909374,21381,outer_test_observation,1,SEE_BOUND_BOOTSTRAP_TABLE,PRIMARY_NON_GDF
GT80,LGBM_DW_TFIDF,Pearson,0.024142442199818245,21381,outer_test_observation,1,SEE_BOUND_BOOTSTRAP_TABLE,PRIMARY_NON_GDF
GT80,LGBM_DW_TFIDF,Kendall,0.1735906605993682,21381,outer_test_observation,1,SEE_BOUND_BOOTSTRAP_TABLE,PRIMARY_NON_GDF
GT80,LGBM_W_MINILM,MAE,0.11695099990160802,21381,outer_test_observation,1,SEE_BOUND_BOOTSTRAP_TABLE,PRIMARY_NON_GDF
GT80,LGBM_W_MINILM,R2,0.07608672456236076,21381,outer_test_observation,1,SEE_BOUND_BOOTSTRAP_TABLE,PRIMARY_NON_GDF
GT80,LGBM_W_MINILM,RMSE,0.15296856533041267,21381,outer_test_observation,1,SEE_BOUND_BOOTSTRAP_TABLE,PRIMARY_NON_GDF
GT80,LGBM_W_MINILM,Spearman,0.443724400556749,21381,outer_test_observation,1,SEE_BOUND_BOOTSTRAP_TABLE,PRIMARY_NON_GDF
GT80,LGBM_W_MINILM,Pearson,0.3601429374905718,21381,outer_test_observation,1,SEE_BOUND_BOOTSTRAP_TABLE,PRIMARY_NON_GDF
GT80,LGBM_W_MINILM,Kendall,0.31960201752799716,21381,outer_test_observation,1,SEE_BOUND_BOOTSTRAP_TABLE,PRIMARY_NON_GDF
GT80,LGBM_W_TFIDF,MAE,0.1559823247030729,21381,outer_test_observation,1,SEE_BOUND_BOOTSTRAP_TABLE,PRIMARY_NON_GDF
GT80,LGBM_W_TFIDF,R2,-0.44865108804543685,21381,outer_test_observation,1,SEE_BOUND_BOOTSTRAP_TABLE,PRIMARY_NON_GDF
GT80,LGBM_W_TFIDF,RMSE,0.1915439716715932,21381,outer_test_observation,1,SEE_BOUND_BOOTSTRAP_TABLE,PRIMARY_NON_GDF
GT80,LGBM_W_TFIDF,Spearman,0.28267099128930767,21381,outer_test_observation,1,SEE_BOUND_BOOTSTRAP_TABLE,PRIMARY_NON_GDF
GT80,LGBM_W_TFIDF,Pearson,-0.010742505540707086,21381,outer_test_observation,1,SEE_BOUND_BOOTSTRAP_TABLE,PRIMARY_NON_GDF
GT80,LGBM_W_TFIDF,Kendall,0.1879729171487872,21381,outer_test_observation,1,SEE_BOUND_BOOTSTRAP_TABLE,PRIMARY_NON_GDF
